Batch,File,Line,Pattern,Original,Replaced,Verified
16b,Runtime\Script\Statements\Function\Creator.Method.cs,40,typeof(long),			ReturnType = typeof(long);,			ReturnType = EraType.Integer;,
16b,Runtime\Script\Statements\Function\Creator.Method.cs,63,typeof(long),			ReturnType = typeof(long);,			ReturnType = EraType.Integer;,
16b,Runtime\Script\Statements\Function\Creator.Method.cs,166,typeof(long),			ReturnType = typeof(long);,			ReturnType = EraType.Integer;,
16b,Runtime\Script\Statements\Function\Creator.Method.cs,167,typeof(string),			argumentTypeArray = [typeof(string)];,			argumentTypeArray = [EraType.String];,
16b,Runtime\Script\Statements\Function\Creator.Method.cs,194,typeof(long),			ReturnType = typeof(long);,			ReturnType = EraType.Integer;,
16b,Runtime\Script\Statements\Function\Creator.Method.cs,269,typeof(long),			ReturnType = typeof(long);,			ReturnType = EraType.Integer;,
16b,Runtime\Script\Statements\Function\Creator.Method.cs,323,typeof(long),			ReturnType = typeof(long);,			ReturnType = EraType.Integer;,
16b,Runtime\Script\Statements\Function\Creator.Method.cs,354,typeof(string),			ReturnType = typeof(string);,			ReturnType = EraType.String;,
16b,Runtime\Script\Statements\Function\Creator.Method.cs,384,typeof(long),			ReturnType = typeof(long);,			ReturnType = EraType.Integer;,
16b,Runtime\Script\Statements\Function\Creator.Method.cs,432,typeof(long),			ReturnType = typeof(long);,			ReturnType = EraType.Integer;,
16b,Runtime\Script\Statements\Function\Creator.Method.cs,607,typeof(long),			ReturnType = typeof(long);,			ReturnType = EraType.Integer;,
16b,Runtime\Script\Statements\Function\Creator.Method.cs,656,typeof(long),			ReturnType = typeof(long);,			ReturnType = EraType.Integer;,
16b,Runtime\Script\Statements\Function\Creator.Method.cs,819,typeof(string),			ReturnType = typeof(string);,			ReturnType = EraType.String;,
16b,Runtime\Script\Statements\Function\Creator.Method.cs,820,typeof(long); typeof(string),"			argumentTypeArray = [typeof(string), typeof(long)];","			argumentTypeArray = [EraType.String, EraType.Integer];",
16b,Runtime\Script\Statements\Function\Creator.Method.cs,839,typeof(long),			ReturnType = typeof(long);,			ReturnType = EraType.Integer;,
16b,Runtime\Script\Statements\Function\Creator.Method.cs,840,typeof(long); typeof(string),"			argumentTypeArray = [typeof(string), typeof(long)];","			argumentTypeArray = [EraType.String, EraType.Integer];",
16b,Runtime\Script\Statements\Function\Creator.Method.cs,862,typeof(long),			ReturnType = typeof(long);,			ReturnType = EraType.Integer;,
16b,Runtime\Script\Statements\Function\Creator.Method.cs,932,typeof(long),			ReturnType = typeof(long);,			ReturnType = EraType.Integer;,
16b,Runtime\Script\Statements\Function\Creator.Method.cs,982,typeof(long),			ReturnType = typeof(long);,			ReturnType = EraType.Integer;,
16b,Runtime\Script\Statements\Function\Creator.Method.cs,1066,typeof(string),			ReturnType = typeof(string);,			ReturnType = EraType.String;,
16b,Runtime\Script\Statements\Function\Creator.Method.cs,1088,typeof(long),			ReturnType = typeof(long);,			ReturnType = EraType.Integer;,
16b,Runtime\Script\Statements\Function\Creator.Method.cs,1304,typeof(long),			ReturnType = typeof(long);,			ReturnType = EraType.Integer;,
16b,Runtime\Script\Statements\Function\Creator.Method.cs,1401,typeof(long),			ReturnType = typeof(long);,			ReturnType = EraType.Integer;,
16b,Runtime\Script\Statements\Function\Creator.Method.cs,1510,typeof(long),			ReturnType = typeof(long);,			ReturnType = EraType.Integer;,
16b,Runtime\Script\Statements\Function\Creator.Method.cs,1511,typeof(string),			argumentTypeArray = [typeof(string)];,			argumentTypeArray = [EraType.String];,
16b,Runtime\Script\Statements\Function\Creator.Method.cs,1526,typeof(long),			ReturnType = typeof(long);,			ReturnType = EraType.Integer;,
16b,Runtime\Script\Statements\Function\Creator.Method.cs,1528,typeof(long); typeof(string),"				argumentTypeArray = [typeof(string), typeof(long)];","				argumentTypeArray = [EraType.String, EraType.Integer];",
16b,Runtime\Script\Statements\Function\Creator.Method.cs,1530,typeof(string),				argumentTypeArray = [typeof(string)];,				argumentTypeArray = [EraType.String];,
16b,Runtime\Script\Statements\Function\Creator.Method.cs,1568,typeof(long),"			var c = dt.Columns.Add(""id"", typeof(long));","			var c = dt.Columns.Add(""id"", EraType.Integer);",
16b,Runtime\Script\Statements\Function\Creator.Method.cs,1581,typeof(long),			ReturnType = typeof(long);,			ReturnType = EraType.Integer;,
16b,Runtime\Script\Statements\Function\Creator.Method.cs,1591,typeof(string),"				argumentTypeArray = [typeof(string), typeof(string)];","				argumentTypeArray = [EraType.String, EraType.String];",
16b,Runtime\Script\Statements\Function\Creator.Method.cs,1663,typeof(long),			ReturnType = typeof(long);,			ReturnType = EraType.Integer;,
16b,Runtime\Script\Statements\Function\Creator.Method.cs,1693,typeof(string),			bool isString = dt.Columns[name].DataType == typeof(string);,			bool isString = dt.Columns[name].DataType == EraType.String;,
16b,Runtime\Script\Statements\Function\Creator.Method.cs,1705,typeof(string),			if (dt.Columns[name].DataType != typeof(string)),			if (dt.Columns[name].DataType != EraType.String),
16b,Runtime\Script\Statements\Function\Creator.Method.cs,1712,typeof(string),			if (dt.Columns[name].DataType == typeof(string)),			if (dt.Columns[name].DataType == EraType.String),
16b,Runtime\Script\Statements\Function\Creator.Method.cs,1817,typeof(long),			ReturnType = typeof(long);,			ReturnType = EraType.Integer;,
16b,Runtime\Script\Statements\Function\Creator.Method.cs,1818,typeof(string),			argumentTypeArray = [typeof(string)];,			argumentTypeArray = [EraType.String];,
16b,Runtime\Script\Statements\Function\Creator.Method.cs,1835,typeof(long),			ReturnType = typeof(long);,			ReturnType = EraType.Integer;,
16b,Runtime\Script\Statements\Function\Creator.Method.cs,1887,typeof(long); typeof(string),			ReturnType = type == Operation.Gets ? typeof(string) : typeof(long);,			ReturnType = type == Operation.Gets ? EraType.String : EraType.Integer;,
16b,Runtime\Script\Statements\Function\Creator.Method.cs,1954,typeof(long),			ReturnType = typeof(long);,			ReturnType = EraType.Integer;,
16b,Runtime\Script\Statements\Function\Creator.Method.cs,1979,typeof(string),					bool isString = dt.Columns[name].DataType == typeof(string);,					bool isString = dt.Columns[name].DataType == EraType.String;,
16b,Runtime\Script\Statements\Function\Creator.Method.cs,1996,typeof(long),			ReturnType = typeof(long);,			ReturnType = EraType.Integer;,
16b,Runtime\Script\Statements\Function\Creator.Method.cs,2061,typeof(string),			ReturnType = typeof(string);,			ReturnType = EraType.String;,
16b,Runtime\Script\Statements\Function\Creator.Method.cs,2099,typeof(long),			ReturnType = typeof(long);,			ReturnType = EraType.Integer;,
16b,Runtime\Script\Statements\Function\Creator.Method.cs,2100,typeof(string),"			argumentTypeArray = [typeof(string), typeof(string), typeof(string)];","			argumentTypeArray = [EraType.String, EraType.String, EraType.String];",
16b,Runtime\Script\Statements\Function\Creator.Method.cs,2135,typeof(long),			ReturnType = typeof(long);,			ReturnType = EraType.Integer;,
16b,Runtime\Script\Statements\Function\Creator.Method.cs,2136,typeof(string),			argumentTypeArray = [typeof(string)];,			argumentTypeArray = [EraType.String];,
16b,Runtime\Script\Statements\Function\Creator.Method.cs,2161,typeof(long),			ReturnType = typeof(long);,			ReturnType = EraType.Integer;,
16b,Runtime\Script\Statements\Function\Creator.Method.cs,2165,typeof(string),"					argumentTypeArray = [typeof(string), typeof(string), typeof(string)]; break;","					argumentTypeArray = [EraType.String, EraType.String, EraType.String]; break;",
16b,Runtime\Script\Statements\Function\Creator.Method.cs,2168,typeof(string),"					argumentTypeArray = [typeof(string), typeof(string)]; break;","					argumentTypeArray = [EraType.String, EraType.String]; break;",
16b,Runtime\Script\Statements\Function\Creator.Method.cs,2170,typeof(string),					argumentTypeArray = [typeof(string)]; break;,					argumentTypeArray = [EraType.String]; break;,
16b,Runtime\Script\Statements\Function\Creator.Method.cs,2202,typeof(string),			ReturnType = typeof(string);,			ReturnType = EraType.String;,
16b,Runtime\Script\Statements\Function\Creator.Method.cs,2206,typeof(string),"					argumentTypeArray = [typeof(string), typeof(string)]; break;","					argumentTypeArray = [EraType.String, EraType.String]; break;",
16b,Runtime\Script\Statements\Function\Creator.Method.cs,2208,typeof(string),					argumentTypeArray = [typeof(string)]; break;,					argumentTypeArray = [EraType.String]; break;,
16b,Runtime\Script\Statements\Function\Creator.Method.cs,2303,typeof(long),			ReturnType = typeof(long);,			ReturnType = EraType.Integer;,
16b,Runtime\Script\Statements\Function\Creator.Method.cs,2304,typeof(string),"			argumentTypeArray = [typeof(string), typeof(string)];","			argumentTypeArray = [EraType.String, EraType.String];",
16b,Runtime\Script\Statements\Function\Creator.Method.cs,2342,typeof(string),			ReturnType = typeof(string);,			ReturnType = EraType.String;,
16b,Runtime\Script\Statements\Function\Creator.Method.cs,2417,typeof(long),			ReturnType = typeof(long);,			ReturnType = EraType.Integer;,
16b,Runtime\Script\Statements\Function\Creator.Method.cs,2418,typeof(string),"			argumentTypeArray = [typeof(string), typeof(string)];","			argumentTypeArray = [EraType.String, EraType.String];",
16b,Runtime\Script\Statements\Function\Creator.Method.cs,2439,typeof(long),			ReturnType = typeof(long);,			ReturnType = EraType.Integer;,
16b,Runtime\Script\Statements\Function\Creator.Method.cs,2440,typeof(string),"			argumentTypeArray = [typeof(string), typeof(string), typeof(string)];","			argumentTypeArray = [EraType.String, EraType.String, EraType.String];",
16b,Runtime\Script\Statements\Function\Creator.Method.cs,2491,typeof(string),			ReturnType = typeof(string);,			ReturnType = EraType.String;,
16b,Runtime\Script\Statements\Function\Creator.Method.cs,2492,typeof(string),"			argumentTypeArray = [typeof(string), typeof(string), typeof(string)];","			argumentTypeArray = [EraType.String, EraType.String, EraType.String];",
16b,Runtime\Script\Statements\Function\Creator.Method.cs,2562,typeof(string),			ReturnType = typeof(string);,			ReturnType = EraType.String;,
16b,Runtime\Script\Statements\Function\Creator.Method.cs,2592,typeof(long),			ReturnType = typeof(long);,			ReturnType = EraType.Integer;,
16b,Runtime\Script\Statements\Function\Creator.Method.cs,2628,typeof(string),			ReturnType = typeof(string);,			ReturnType = EraType.String;,
16b,Runtime\Script\Statements\Function\Creator.Method.cs,2629,typeof(string),			argumentTypeArray = [typeof(string)];,			argumentTypeArray = [EraType.String];,
16b,Runtime\Script\Statements\Function\Creator.Method.cs,2642,typeof(long),			ReturnType = typeof(long);,			ReturnType = EraType.Integer;,
16b,Runtime\Script\Statements\Function\Creator.Method.cs,2665,typeof(long),			ReturnType = typeof(long);,			ReturnType = EraType.Integer;,
16b,Runtime\Script\Statements\Function\Creator.Method.cs,2688,typeof(long),			ReturnType = typeof(long);,			ReturnType = EraType.Integer;,
16b,Runtime\Script\Statements\Function\Creator.Method.cs,2711,typeof(string),			ReturnType = typeof(string);,			ReturnType = EraType.String;,
16b,Runtime\Script\Statements\Function\Creator.Method.cs,2734,typeof(long),			ReturnType = typeof(long);,			ReturnType = EraType.Integer;,
16b,Runtime\Script\Statements\Function\Creator.Method.cs,2735,typeof(long),"			argumentTypeArray = [typeof(long), typeof(long), typeof(long)];","			argumentTypeArray = [EraType.Integer, EraType.Integer, EraType.Integer];",
16b,Runtime\Script\Statements\Function\Creator.Method.cs,2757,typeof(long),			ReturnType = typeof(long);,			ReturnType = EraType.Integer;,
16b,Runtime\Script\Statements\Function\Creator.Method.cs,2811,typeof(long),			ReturnType = typeof(long);,			ReturnType = EraType.Integer;,
16b,Runtime\Script\Statements\Function\Creator.Method.cs,2812,typeof(long),			argumentTypeArray = [typeof(long)];,			argumentTypeArray = [EraType.Integer];,
16b,Runtime\Script\Statements\Function\Creator.Method.cs,2830,typeof(string),			ReturnType = typeof(string);,			ReturnType = EraType.String;,
16b,Runtime\Script\Statements\Function\Creator.Method.cs,2840,typeof(string),			ReturnType = typeof(string);,			ReturnType = EraType.String;,
16b,Runtime\Script\Statements\Function\Creator.Method.cs,2879,typeof(string),			ReturnType = typeof(string);,			ReturnType = EraType.String;,
16b,Runtime\Script\Statements\Function\Creator.Method.cs,2923,typeof(long),			ReturnType = typeof(long);,			ReturnType = EraType.Integer;,
16b,Runtime\Script\Statements\Function\Creator.Method.cs,2933,typeof(long),			ReturnType = typeof(long);,			ReturnType = EraType.Integer;,
16b,Runtime\Script\Statements\Function\Creator.Method.cs,2977,typeof(long),			ReturnType = typeof(long);,			ReturnType = EraType.Integer;,
16b,Runtime\Script\Statements\Function\Creator.Method.cs,3068,typeof(long),			ReturnType = typeof(long);,			ReturnType = EraType.Integer;,
16b,Runtime\Script\Statements\Function\Creator.Method.cs,3109,typeof(long),			ReturnType = typeof(long);,			ReturnType = EraType.Integer;,
16b,Runtime\Script\Statements\Function\Creator.Method.cs,3175,typeof(long),			ReturnType = typeof(long);,			ReturnType = EraType.Integer;,
16b,Runtime\Script\Statements\Function\Creator.Method.cs,3176,typeof(string),			argumentTypeArray = [typeof(string)];,			argumentTypeArray = [EraType.String];,
16b,Runtime\Script\Statements\Function\Creator.Method.cs,3211,typeof(long),			ReturnType = typeof(long);,			ReturnType = EraType.Integer;,
16b,Runtime\Script\Statements\Function\Creator.Method.cs,3212,typeof(long),			argumentTypeArray = [typeof(long)];,			argumentTypeArray = [EraType.Integer];,
16b,Runtime\Script\Statements\Function\Creator.Method.cs,3240,typeof(long),			ReturnType = typeof(long);,			ReturnType = EraType.Integer;,
16b,Runtime\Script\Statements\Function\Creator.Method.cs,3241,typeof(string),			argumentTypeArray = [typeof(string)];,			argumentTypeArray = [EraType.String];,
16b,Runtime\Script\Statements\Function\Creator.Method.cs,3263,typeof(long),			ReturnType = typeof(long);,			ReturnType = EraType.Integer;,
16b,Runtime\Script\Statements\Function\Creator.Method.cs,3312,typeof(long),			ReturnType = typeof(long);,			ReturnType = EraType.Integer;,
16b,Runtime\Script\Statements\Function\Creator.Method.cs,3326,typeof(long),			ReturnType = typeof(long);,			ReturnType = EraType.Integer;,
16b,Runtime\Script\Statements\Function\Creator.Method.cs,3354,typeof(long),			ReturnType = typeof(long);,			ReturnType = EraType.Integer;,
16b,Runtime\Script\Statements\Function\Creator.Method.cs,3372,typeof(long),			ReturnType = typeof(long);,			ReturnType = EraType.Integer;,
16b,Runtime\Script\Statements\Function\Creator.Method.cs,3386,typeof(long),			ReturnType = typeof(long);,			ReturnType = EraType.Integer;,
16b,Runtime\Script\Statements\Function\Creator.Method.cs,3404,typeof(long),			ReturnType = typeof(long);,			ReturnType = EraType.Integer;,
16b,Runtime\Script\Statements\Function\Creator.Method.cs,3429,typeof(string),			ReturnType = typeof(string);,			ReturnType = EraType.String;,
16b,Runtime\Script\Statements\Function\Creator.Method.cs,3443,typeof(string),			ReturnType = typeof(string);,			ReturnType = EraType.String;,
16b,Runtime\Script\Statements\Function\Creator.Method.cs,3444,typeof(long),"			argumentTypeArray = [typeof(long), typeof(long), typeof(long)];","			argumentTypeArray = [EraType.Integer, EraType.Integer, EraType.Integer];",
16b,Runtime\Script\Statements\Function\Creator.Method.cs,3460,typeof(string),			ReturnType = typeof(string);,			ReturnType = EraType.String;,
16b,Runtime\Script\Statements\Function\Creator.Method.cs,3479,typeof(long),			ReturnType = typeof(long);,			ReturnType = EraType.Integer;,
16b,Runtime\Script\Statements\Function\Creator.Method.cs,3493,typeof(long),			ReturnType = typeof(long);,			ReturnType = EraType.Integer;,
16b,Runtime\Script\Statements\Function\Creator.Method.cs,3494,typeof(string),			argumentTypeArray = [typeof(string)];,			argumentTypeArray = [EraType.String];,
16b,Runtime\Script\Statements\Function\Creator.Method.cs,3520,typeof(long),			ReturnType = typeof(long);,			ReturnType = EraType.Integer;,
16b,Runtime\Script\Statements\Function\Creator.Method.cs,3521,typeof(long),"			argumentTypeArray = [typeof(long), typeof(long), typeof(long)];","			argumentTypeArray = [EraType.Integer, EraType.Integer, EraType.Integer];",
16b,Runtime\Script\Statements\Function\Creator.Method.cs,3549,typeof(string),	//		ReturnType = typeof(string);,	//		ReturnType = EraType.String;,
16b,Runtime\Script\Statements\Function\Creator.Method.cs,3577,typeof(string),			ReturnType = typeof(string);,			ReturnType = EraType.String;,
16b,Runtime\Script\Statements\Function\Creator.Method.cs,3623,typeof(long),			ReturnType = typeof(long);,			ReturnType = EraType.Integer;,
16b,Runtime\Script\Statements\Function\Creator.Method.cs,3637,typeof(long),			ReturnType = typeof(long);,			ReturnType = EraType.Integer;,
16b,Runtime\Script\Statements\Function\Creator.Method.cs,3651,typeof(long),			ReturnType = typeof(long);,			ReturnType = EraType.Integer;,
16b,Runtime\Script\Statements\Function\Creator.Method.cs,3665,typeof(long),			ReturnType = typeof(long);,			ReturnType = EraType.Integer;,
16b,Runtime\Script\Statements\Function\Creator.Method.cs,3686,typeof(string),			ReturnType = typeof(string);,			ReturnType = EraType.String;,
16b,Runtime\Script\Statements\Function\Creator.Method.cs,3700,typeof(long),			ReturnType = typeof(long);,			ReturnType = EraType.Integer;,
16b,Runtime\Script\Statements\Function\Creator.Method.cs,3715,typeof(long),			ReturnType = typeof(long);,			ReturnType = EraType.Integer;,
16b,Runtime\Script\Statements\Function\Creator.Method.cs,3733,typeof(long),			ReturnType = typeof(long);,			ReturnType = EraType.Integer;,
16b,Runtime\Script\Statements\Function\Creator.Method.cs,3793,typeof(long),			ReturnType = typeof(long);,			ReturnType = EraType.Integer;,
16b,Runtime\Script\Statements\Function\Creator.Method.cs,3803,typeof(long),			ReturnType = typeof(long);,			ReturnType = EraType.Integer;,
16b,Runtime\Script\Statements\Function\Creator.Method.cs,3850,typeof(long),			ReturnType = typeof(long);,			ReturnType = EraType.Integer;,
16b,Runtime\Script\Statements\Function\Creator.Method.cs,3851,typeof(long),			argumentTypeArray = [typeof(long)];,			argumentTypeArray = [EraType.Integer];,
16b,Runtime\Script\Statements\Function\Creator.Method.cs,3868,typeof(long),			ReturnType = typeof(long);,			ReturnType = EraType.Integer;,
16b,Runtime\Script\Statements\Function\Creator.Method.cs,3869,typeof(long),"			argumentTypeArray = [typeof(long), typeof(long)];","			argumentTypeArray = [EraType.Integer, EraType.Integer];",
16b,Runtime\Script\Statements\Function\Creator.Method.cs,3894,typeof(long),			ReturnType = typeof(long);,			ReturnType = EraType.Integer;,
16b,Runtime\Script\Statements\Function\Creator.Method.cs,3895,typeof(long),			argumentTypeArray = [typeof(long)];,			argumentTypeArray = [EraType.Integer];,
16b,Runtime\Script\Statements\Function\Creator.Method.cs,3912,typeof(long),			ReturnType = typeof(long);,			ReturnType = EraType.Integer;,
16b,Runtime\Script\Statements\Function\Creator.Method.cs,3913,typeof(long),			argumentTypeArray = [typeof(long)];,			argumentTypeArray = [EraType.Integer];,
16b,Runtime\Script\Statements\Function\Creator.Method.cs,3931,typeof(long),			ReturnType = typeof(long);,			ReturnType = EraType.Integer;,
16b,Runtime\Script\Statements\Function\Creator.Method.cs,3932,typeof(long),			argumentTypeArray = [typeof(long)];,			argumentTypeArray = [EraType.Integer];,
16b,Runtime\Script\Statements\Function\Creator.Method.cs,3938,typeof(long),			ReturnType = typeof(long);,			ReturnType = EraType.Integer;,
16b,Runtime\Script\Statements\Function\Creator.Method.cs,3939,typeof(long),			argumentTypeArray = [typeof(long)];,			argumentTypeArray = [EraType.Integer];,
16b,Runtime\Script\Statements\Function\Creator.Method.cs,3974,typeof(long),			ReturnType = typeof(long);,			ReturnType = EraType.Integer;,
16b,Runtime\Script\Statements\Function\Creator.Method.cs,3975,typeof(long),			argumentTypeArray = [typeof(long)];,			argumentTypeArray = [EraType.Integer];,
16b,Runtime\Script\Statements\Function\Creator.Method.cs,4001,typeof(long),			ReturnType = typeof(long);,			ReturnType = EraType.Integer;,
16b,Runtime\Script\Statements\Function\Creator.Method.cs,4002,typeof(long),			argumentTypeArray = [typeof(long)];,			argumentTypeArray = [EraType.Integer];,
16b,Runtime\Script\Statements\Function\Creator.Method.cs,4016,typeof(long),			ReturnType = typeof(long);,			ReturnType = EraType.Integer;,
16b,Runtime\Script\Statements\Function\Creator.Method.cs,4017,typeof(long),"			argumentTypeArray = [typeof(long), typeof(long), typeof(long)];","			argumentTypeArray = [EraType.Integer, EraType.Integer, EraType.Integer];",
16b,Runtime\Script\Statements\Function\Creator.Method.cs,4040,typeof(long),			ReturnType = typeof(long);,			ReturnType = EraType.Integer;,
16b,Runtime\Script\Statements\Function\Creator.Method.cs,4041,typeof(long),"			argumentTypeArray = [typeof(long), typeof(long)];","			argumentTypeArray = [EraType.Integer, EraType.Integer];",
16b,Runtime\Script\Statements\Function\Creator.Method.cs,4056,typeof(long),			ReturnType = typeof(long);,			ReturnType = EraType.Integer;,
16b,Runtime\Script\Statements\Function\Creator.Method.cs,4057,typeof(long),"			argumentTypeArray = [typeof(long), typeof(long)];","			argumentTypeArray = [EraType.Integer, EraType.Integer];",
16b,Runtime\Script\Statements\Function\Creator.Method.cs,4072,typeof(long),			ReturnType = typeof(long);,			ReturnType = EraType.Integer;,
16b,Runtime\Script\Statements\Function\Creator.Method.cs,4073,typeof(long),"			argumentTypeArray = [typeof(long), typeof(long)];","			argumentTypeArray = [EraType.Integer, EraType.Integer];",
16b,Runtime\Script\Statements\Function\Creator.Method.cs,4088,typeof(long),			ReturnType = typeof(long);,			ReturnType = EraType.Integer;,
16b,Runtime\Script\Statements\Function\Creator.Method.cs,4089,typeof(long),			argumentTypeArray = [typeof(long)];,			argumentTypeArray = [EraType.Integer];,
16b,Runtime\Script\Statements\Function\Creator.Method.cs,4106,typeof(long),			ReturnType = typeof(long);,			ReturnType = EraType.Integer;,
16b,Runtime\Script\Statements\Function\Creator.Method.cs,4116,typeof(long),			ReturnType = typeof(long);,			ReturnType = EraType.Integer;,
16b,Runtime\Script\Statements\Function\Creator.Method.cs,4179,typeof(long),			ReturnType = typeof(long);,			ReturnType = EraType.Integer;,
16b,Runtime\Script\Statements\Function\Creator.Method.cs,4190,typeof(long),			ReturnType = typeof(long);,			ReturnType = EraType.Integer;,
16b,Runtime\Script\Statements\Function\Creator.Method.cs,4285,typeof(long),			ReturnType = typeof(long);,			ReturnType = EraType.Integer;,
16b,Runtime\Script\Statements\Function\Creator.Method.cs,4337,typeof(long),			ReturnType = typeof(long);,			ReturnType = EraType.Integer;,
16b,Runtime\Script\Statements\Function\Creator.Method.cs,4392,typeof(long),			ReturnType = typeof(long);,			ReturnType = EraType.Integer;,
16b,Runtime\Script\Statements\Function\Creator.Method.cs,4446,typeof(long),			ReturnType = typeof(long);,			ReturnType = EraType.Integer;,
16b,Runtime\Script\Statements\Function\Creator.Method.cs,4458,typeof(long),			ReturnType = typeof(long);,			ReturnType = EraType.Integer;,
16b,Runtime\Script\Statements\Function\Creator.Method.cs,4473,typeof(long),			ReturnType = typeof(long);,			ReturnType = EraType.Integer;,
16b,Runtime\Script\Statements\Function\Creator.Method.cs,4537,typeof(long),			ReturnType = typeof(long);,			ReturnType = EraType.Integer;,
16b,Runtime\Script\Statements\Function\Creator.Method.cs,4538,typeof(long),"			argumentTypeArray = [typeof(long), typeof(long)];","			argumentTypeArray = [EraType.Integer, EraType.Integer];",
16b,Runtime\Script\Statements\Function\Creator.Method.cs,4570,typeof(long),			ReturnType = typeof(long);,			ReturnType = EraType.Integer;,
16b,Runtime\Script\Statements\Function\Creator.Method.cs,4624,typeof(string),"			argumentTypeArray = new Type[] { typeof(string), typeof(string) };","			argumentTypeArray = new Type[] { EraType.String, EraType.String };",
16b,Runtime\Script\Statements\Function\Creator.Method.cs,4665,typeof(long),			ReturnType = typeof(long);,			ReturnType = EraType.Integer;,
16b,Runtime\Script\Statements\Function\Creator.Method.cs,4666,typeof(long),"			argumentTypeArray = [typeof(long), typeof(long)];","			argumentTypeArray = [EraType.Integer, EraType.Integer];",
16b,Runtime\Script\Statements\Function\Creator.Method.cs,4691,typeof(long),			ReturnType = typeof(long);,			ReturnType = EraType.Integer;,
16b,Runtime\Script\Statements\Function\Creator.Method.cs,4692,typeof(long),"			argumentTypeArray = [typeof(long), typeof(long)];","			argumentTypeArray = [EraType.Integer, EraType.Integer];",
16b,Runtime\Script\Statements\Function\Creator.Method.cs,4717,typeof(long),			ReturnType = typeof(long);,			ReturnType = EraType.Integer;,
16b,Runtime\Script\Statements\Function\Creator.Method.cs,4814,typeof(long),			ReturnType = typeof(long);,			ReturnType = EraType.Integer;,
16b,Runtime\Script\Statements\Function\Creator.Method.cs,4815,typeof(long),"			argumentTypeArray = [typeof(long), typeof(long), typeof(long)];","			argumentTypeArray = [EraType.Integer, EraType.Integer, EraType.Integer];",
16b,Runtime\Script\Statements\Function\Creator.Method.cs,4831,typeof(long),			ReturnType = typeof(long);,			ReturnType = EraType.Integer;,
16b,Runtime\Script\Statements\Function\Creator.Method.cs,4840,typeof(long),			ReturnType = typeof(long);,			ReturnType = EraType.Integer;,
16b,Runtime\Script\Statements\Function\Creator.Method.cs,4913,typeof(long),			ReturnType = typeof(long);,			ReturnType = EraType.Integer;,
16b,Runtime\Script\Statements\Function\Creator.Method.cs,5176,typeof(long),			ReturnType = typeof(long);,			ReturnType = EraType.Integer;,
16b,Runtime\Script\Statements\Function\Creator.Method.cs,5177,typeof(string),			argumentTypeArray = [typeof(string)];,			argumentTypeArray = [EraType.String];,
16b,Runtime\Script\Statements\Function\Creator.Method.cs,5191,typeof(long),			ReturnType = typeof(long);,			ReturnType = EraType.Integer;,
16b,Runtime\Script\Statements\Function\Creator.Method.cs,5192,typeof(string),			argumentTypeArray = [typeof(string)];,			argumentTypeArray = [EraType.String];,
16b,Runtime\Script\Statements\Function\Creator.Method.cs,5206,typeof(string),			ReturnType = typeof(string);,			ReturnType = EraType.String;,
16b,Runtime\Script\Statements\Function\Creator.Method.cs,5251,typeof(string),			ReturnType = typeof(string);,			ReturnType = EraType.String;,
16b,Runtime\Script\Statements\Function\Creator.Method.cs,5309,typeof(long),			ReturnType = typeof(long);,			ReturnType = EraType.Integer;,
16b,Runtime\Script\Statements\Function\Creator.Method.cs,5373,typeof(long),			ReturnType = typeof(long);,			ReturnType = EraType.Integer;,
16b,Runtime\Script\Statements\Function\Creator.Method.cs,5374,typeof(string),"			argumentTypeArray = [typeof(string), typeof(string)];","			argumentTypeArray = [EraType.String, EraType.String];",
16b,Runtime\Script\Statements\Function\Creator.Method.cs,5397,typeof(string),			ReturnType = typeof(string);,			ReturnType = EraType.String;,
16b,Runtime\Script\Statements\Function\Creator.Method.cs,5444,typeof(long),			ReturnType = typeof(long);,			ReturnType = EraType.Integer;,
16b,Runtime\Script\Statements\Function\Creator.Method.cs,5487,typeof(double),			ReturnType = typeof(double);,			ReturnType = EraType.Float;,
16b,Runtime\Script\Statements\Function\Creator.Method.cs,5488,typeof(string),			argumentTypeArray = [typeof(string)];,			argumentTypeArray = [EraType.String];,
16b,Runtime\Script\Statements\Function\Creator.Method.cs,5509,typeof(string),			ReturnType = typeof(string);,			ReturnType = EraType.String;,
16b,Runtime\Script\Statements\Function\Creator.Method.cs,5510,typeof(string); typeof(double),"			argumentTypeArray = [typeof(double), typeof(string)];","			argumentTypeArray = [EraType.Float, EraType.String];",
16b,Runtime\Script\Statements\Function\Creator.Method.cs,5544,typeof(string),			ReturnType = typeof(string);,			ReturnType = EraType.String;,
16b,Runtime\Script\Statements\Function\Creator.Method.cs,5545,typeof(string),			argumentTypeArray = [typeof(string)];,			argumentTypeArray = [EraType.String];,
16b,Runtime\Script\Statements\Function\Creator.Method.cs,5551,typeof(string),			ReturnType = typeof(string);,			ReturnType = EraType.String;,
16b,Runtime\Script\Statements\Function\Creator.Method.cs,5552,typeof(string),			argumentTypeArray = [typeof(string)];,			argumentTypeArray = [EraType.String];,
16b,Runtime\Script\Statements\Function\Creator.Method.cs,5580,typeof(long),			ReturnType = typeof(long);,			ReturnType = EraType.Integer;,
16b,Runtime\Script\Statements\Function\Creator.Method.cs,5595,typeof(string),			ReturnType = typeof(string);,			ReturnType = EraType.String;,
16b,Runtime\Script\Statements\Function\Creator.Method.cs,5596,typeof(string),"			// argumentTypeArray = new Type[] { typeof(string), typeof(string), typeof(string) };","			// argumentTypeArray = new Type[] { EraType.String, EraType.String, EraType.String };",
16b,Runtime\Script\Statements\Function\Creator.Method.cs,5687,typeof(string),			ReturnType = typeof(string);,			ReturnType = EraType.String;,
16b,Runtime\Script\Statements\Function\Creator.Method.cs,5688,typeof(long),			argumentTypeArray = [typeof(long)];,			argumentTypeArray = [EraType.Integer];,
16b,Runtime\Script\Statements\Function\Creator.Method.cs,5723,typeof(long),			ReturnType = typeof(long);,			ReturnType = EraType.Integer;,
16b,Runtime\Script\Statements\Function\Creator.Method.cs,5724,typeof(string),			argumentTypeArray = [typeof(string)];,			argumentTypeArray = [EraType.String];,
16b,Runtime\Script\Statements\Function\Creator.Method.cs,5743,typeof(string),			ReturnType = typeof(string);,			ReturnType = EraType.String;,
16b,Runtime\Script\Statements\Function\Creator.Method.cs,5744,typeof(long),"			argumentTypeArray = [typeof(long), typeof(long)];","			argumentTypeArray = [EraType.Integer, EraType.Integer];",
16b,Runtime\Script\Statements\Function\Creator.Method.cs,5761,typeof(long),			ReturnType = typeof(long);,			ReturnType = EraType.Integer;,
16b,Runtime\Script\Statements\Function\Creator.Method.cs,5762,typeof(string),			argumentTypeArray = [typeof(string)];,			argumentTypeArray = [EraType.String];,
16b,Runtime\Script\Statements\Function\Creator.Method.cs,5802,typeof(string),			ReturnType = typeof(string);,			ReturnType = EraType.String;,
16b,Runtime\Script\Statements\Function\Creator.Method.cs,5803,typeof(string),			argumentTypeArray = [typeof(string)];,			argumentTypeArray = [EraType.String];,
16b,Runtime\Script\Statements\Function\Creator.Method.cs,5816,typeof(long),			ReturnType = typeof(long);,			ReturnType = EraType.Integer;,
16b,Runtime\Script\Statements\Function\Creator.Method.cs,5858,typeof(string),			ReturnType = typeof(string);,			ReturnType = EraType.String;,
16b,Runtime\Script\Statements\Function\Creator.Method.cs,5859,typeof(long); typeof(string),"			argumentTypeArray = [typeof(string), typeof(long)];","			argumentTypeArray = [EraType.String, EraType.Integer];",
16b,Runtime\Script\Statements\Function\Creator.Method.cs,5876,typeof(string),			ReturnType = typeof(string);,			ReturnType = EraType.String;,
16b,Runtime\Script\Statements\Function\Creator.Method.cs,5877,typeof(string),			argumentTypeArray = [typeof(string)];,			argumentTypeArray = [EraType.String];,
16b,Runtime\Script\Statements\Function\Creator.Method.cs,5894,typeof(string),			ReturnType = typeof(string);,			ReturnType = EraType.String;,
16b,Runtime\Script\Statements\Function\Creator.Method.cs,5895,typeof(string),			argumentTypeArray = [typeof(string)];,			argumentTypeArray = [EraType.String];,
16b,Runtime\Script\Statements\Function\Creator.Method.cs,5951,typeof(string),			ReturnType = typeof(string);,			ReturnType = EraType.String;,
16b,Runtime\Script\Statements\Function\Creator.Method.cs,6025,typeof(long),				ReturnType = typeof(long);,				ReturnType = EraType.Integer;,
16b,Runtime\Script\Statements\Function\Creator.Method.cs,6030,typeof(string),				ReturnType = typeof(string);,				ReturnType = EraType.String;,
16b,Runtime\Script\Statements\Function\Creator.Method.cs,6032,typeof(string),			argumentTypeArray = [typeof(string)];,			argumentTypeArray = [EraType.String];,
16b,Runtime\Script\Statements\Function\Creator.Method.cs,6051,typeof(long),			if (ReturnType != typeof(long)),			if (ReturnType != EraType.Integer),
16b,Runtime\Script\Statements\Function\Creator.Method.cs,6061,typeof(string),			if (ReturnType != typeof(string)),			if (ReturnType != EraType.String),
16b,Runtime\Script\Statements\Function\Creator.Method.cs,6078,typeof(string),			ReturnType = typeof(string);,			ReturnType = EraType.String;,
16b,Runtime\Script\Statements\Function\Creator.Method.cs,6116,typeof(string),			ReturnType = typeof(string);,			ReturnType = EraType.String;,
16b,Runtime\Script\Statements\Function\Creator.Method.cs,6134,typeof(string),			ReturnType = typeof(string);,			ReturnType = EraType.String;,
16b,Runtime\Script\Statements\Function\Creator.Method.cs,6135,typeof(string),			argumentTypeArray = [typeof(string)];,			argumentTypeArray = [EraType.String];,
16b,Runtime\Script\Statements\Function\Creator.Method.cs,6147,typeof(string),			ReturnType = typeof(string);,			ReturnType = EraType.String;,
16b,Runtime\Script\Statements\Function\Creator.Method.cs,6148,typeof(string),			argumentTypeArray = [typeof(string)];,			argumentTypeArray = [EraType.String];,
16b,Runtime\Script\Statements\Function\Creator.Method.cs,6312,typeof(long),			ReturnType = typeof(long);,			ReturnType = EraType.Integer;,
16b,Runtime\Script\Statements\Function\Creator.Method.cs,6313,typeof(long),			argumentTypeArray = [typeof(long)];,			argumentTypeArray = [EraType.Integer];,
16b,Runtime\Script\Statements\Function\Creator.Method.cs,6354,typeof(string),			ReturnType = typeof(string);,			ReturnType = EraType.String;,
16b,Runtime\Script\Statements\Function\Creator.Method.cs,6355,typeof(long),			argumentTypeArray = [typeof(long)];,			argumentTypeArray = [EraType.Integer];,
16b,Runtime\Script\Statements\Function\Creator.Method.cs,6380,typeof(long),			ReturnType = typeof(long);,			ReturnType = EraType.Integer;,
16b,Runtime\Script\Statements\Function\Creator.Method.cs,6381,typeof(long),"			argumentTypeArray = [typeof(long), typeof(long), typeof(long)];","			argumentTypeArray = [EraType.Integer, EraType.Integer, EraType.Integer];",
16b,Runtime\Script\Statements\Function\Creator.Method.cs,6406,typeof(long),			ReturnType = typeof(long);,			ReturnType = EraType.Integer;,
16b,Runtime\Script\Statements\Function\Creator.Method.cs,6407,typeof(long),"			argumentTypeArray = [typeof(long), typeof(long), typeof(long), typeof(long)];","			argumentTypeArray = [EraType.Integer, EraType.Integer, EraType.Integer, EraType.Integer];",
16b,Runtime\Script\Statements\Function\Creator.Method.cs,6439,typeof(long),			ReturnType = typeof(long);,			ReturnType = EraType.Integer;,
16b,Runtime\Script\Statements\Function\Creator.Method.cs,6440,typeof(long),"			argumentTypeArray = [typeof(long), typeof(long)];","			argumentTypeArray = [EraType.Integer, EraType.Integer];",
16b,Runtime\Script\Statements\Function\Creator.Method.cs,6470,typeof(long),			ReturnType = typeof(long);,			ReturnType = EraType.Integer;,
16b,Runtime\Script\Statements\Function\Creator.Method.cs,6471,typeof(string),"			// argumentTypeArray = new Type[] { typeof(Int64), typeof(string), typeof(Int64) };","			// argumentTypeArray = new Type[] { typeof(Int64), EraType.String, typeof(Int64) };",
16b,Runtime\Script\Statements\Function\Creator.Method.cs,6472,typeof(string),"			// argumentTypeArray = new Type[] { typeof(Int64), typeof(string), typeof(Int64), typeof(Int64) };","			// argumentTypeArray = new Type[] { typeof(Int64), EraType.String, typeof(Int64), typeof(Int64) };",
16b,Runtime\Script\Statements\Function\Creator.Method.cs,6550,typeof(long),			ReturnType = typeof(long);,			ReturnType = EraType.Integer;,
16b,Runtime\Script\Statements\Function\Creator.Method.cs,6553,typeof(long),"			argumentTypeArray = [typeof(long), typeof(long), typeof(long)];","			argumentTypeArray = [EraType.Integer, EraType.Integer, EraType.Integer];",
16b,Runtime\Script\Statements\Function\Creator.Method.cs,6584,typeof(long),			ReturnType = typeof(long);,			ReturnType = EraType.Integer;,
16b,Runtime\Script\Statements\Function\Creator.Method.cs,6585,typeof(long),"			argumentTypeArray = [typeof(long), typeof(long), typeof(long)];","			argumentTypeArray = [EraType.Integer, EraType.Integer, EraType.Integer];",
16b,Runtime\Script\Statements\Function\Creator.Method.cs,6616,typeof(long),			ReturnType = typeof(long);,			ReturnType = EraType.Integer;,
16b,Runtime\Script\Statements\Function\Creator.Method.cs,6617,typeof(string),"			// argumentTypeArray = new Type[] { typeof(Int64), typeof(string), typeof(Int64), typeof(Int64) };","			// argumentTypeArray = new Type[] { typeof(Int64), EraType.String, typeof(Int64), typeof(Int64) };",
16b,Runtime\Script\Statements\Function\Creator.Method.cs,6719,typeof(long),			ReturnType = typeof(long);,			ReturnType = EraType.Integer;,
16b,Runtime\Script\Statements\Function\Creator.Method.cs,6720,typeof(string),"			// argumentTypeArray = new Type[] { typeof(string), typeof(string), typeof(Int64), typeof(Int64) };","			// argumentTypeArray = new Type[] { EraType.String, EraType.String, typeof(Int64), typeof(Int64) };",
16b,Runtime\Script\Statements\Function\Creator.Method.cs,6824,typeof(long),			ReturnType = typeof(long);,			ReturnType = EraType.Integer;,
16b,Runtime\Script\Statements\Function\Creator.Method.cs,6901,typeof(long),			ReturnType = typeof(long);,			ReturnType = EraType.Integer;,
16b,Runtime\Script\Statements\Function\Creator.Method.cs,6902,typeof(long),"			argumentTypeArray = [typeof(long), typeof(long), typeof(long), typeof(long), typeof(long)];","			argumentTypeArray = [EraType.Integer, EraType.Integer, EraType.Integer, EraType.Integer, EraType.Integer];",
16b,Runtime\Script\Statements\Function\Creator.Method.cs,6932,typeof(long),			ReturnType = typeof(long);,			ReturnType = EraType.Integer;,
16b,Runtime\Script\Statements\Function\Creator.Method.cs,6933,typeof(string),			argumentTypeArray = [typeof(string)];,			argumentTypeArray = [EraType.String];,
16b,Runtime\Script\Statements\Function\Creator.Method.cs,6966,typeof(long),			ReturnType = typeof(long);,			ReturnType = EraType.Integer;,
16b,Runtime\Script\Statements\Function\Creator.Method.cs,6967,typeof(long); typeof(string),"			argumentTypeArray = [typeof(string), typeof(long), typeof(long)];","			argumentTypeArray = [EraType.String, EraType.Integer, EraType.Integer];",
16b,Runtime\Script\Statements\Function\Creator.Method.cs,6994,typeof(long),			ReturnType = typeof(long);,			ReturnType = EraType.Integer;,
16b,Runtime\Script\Statements\Function\Creator.Method.cs,6995,typeof(long); typeof(string),"			argumentTypeArray = [typeof(string), typeof(long), typeof(long)];","			argumentTypeArray = [EraType.String, EraType.Integer, EraType.Integer];",
16b,Runtime\Script\Statements\Function\Creator.Method.cs,7020,typeof(long),			ReturnType = typeof(long);,			ReturnType = EraType.Integer;,
16b,Runtime\Script\Statements\Function\Creator.Method.cs,7041,typeof(long),			ReturnType = typeof(long);,			ReturnType = EraType.Integer;,
16b,Runtime\Script\Statements\Function\Creator.Method.cs,7042,typeof(long),"			argumentTypeArray = [typeof(long), typeof(long), typeof(long)];","			argumentTypeArray = [EraType.Integer, EraType.Integer, EraType.Integer];",
16b,Runtime\Script\Statements\Function\Creator.Method.cs,7089,typeof(long),			ReturnType = typeof(long);,			ReturnType = EraType.Integer;,
16b,Runtime\Script\Statements\Function\Creator.Method.cs,7152,typeof(long),			ReturnType = typeof(long);,			ReturnType = EraType.Integer;,
16b,Runtime\Script\Statements\Function\Creator.Method.cs,7153,typeof(long),			argumentTypeArray = [typeof(long)];,			argumentTypeArray = [EraType.Integer];,
16b,Runtime\Script\Statements\Function\Creator.Method.cs,7184,typeof(long),			ReturnType = typeof(long);,			ReturnType = EraType.Integer;,
16b,Runtime\Script\Statements\Function\Creator.Method.cs,7185,typeof(string),			//  argumentTypeArray = [typeof(string)];,			//  argumentTypeArray = [EraType.String];,
16b,Runtime\Script\Statements\Function\Creator.Method.cs,7292,typeof(long),			ReturnType = typeof(long);,			ReturnType = EraType.Integer;,
16b,Runtime\Script\Statements\Function\Creator.Method.cs,7342,typeof(long),			ReturnType = typeof(long);,			ReturnType = EraType.Integer;,
16b,Runtime\Script\Statements\Function\Creator.Method.cs,7343,typeof(string),			argumentTypeArray = [typeof(string)];,			argumentTypeArray = [EraType.String];,
16b,Runtime\Script\Statements\Function\Creator.Method.cs,7361,typeof(long),			ReturnType = typeof(long);,			ReturnType = EraType.Integer;,
16b,Runtime\Script\Statements\Function\Creator.Method.cs,7362,typeof(long),			argumentTypeArray = [typeof(long)];,			argumentTypeArray = [EraType.Integer];,
16b,Runtime\Script\Statements\Function\Creator.Method.cs,7380,typeof(long),			ReturnType = typeof(long);,			ReturnType = EraType.Integer;,
16b,Runtime\Script\Statements\Function\Creator.Method.cs,7436,typeof(long),			ReturnType = typeof(long);,			ReturnType = EraType.Integer;,
16b,Runtime\Script\Statements\Function\Creator.Method.cs,7437,typeof(long),"			argumentTypeArray = [typeof(long), typeof(long), typeof(long), typeof(long), typeof(long)];","			argumentTypeArray = [EraType.Integer, EraType.Integer, EraType.Integer, EraType.Integer, EraType.Integer];",
16b,Runtime\Script\Statements\Function\Creator.Method.cs,7470,typeof(long),			ReturnType = typeof(long);,			ReturnType = EraType.Integer;,
16b,Runtime\Script\Statements\Function\Creator.Method.cs,7557,typeof(long),			ReturnType = typeof(long);,			ReturnType = EraType.Integer;,
16b,Runtime\Script\Statements\Function\Creator.Method.cs,7558,typeof(long),"			argumentTypeArray = [typeof(long), typeof(long), typeof(long), typeof(long), typeof(long)];","			argumentTypeArray = [EraType.Integer, EraType.Integer, EraType.Integer, EraType.Integer, EraType.Integer];",
16b,Runtime\Script\Statements\Function\Creator.Method.cs,7607,typeof(long),			ReturnType = typeof(long);,			ReturnType = EraType.Integer;,
16b,Runtime\Script\Statements\Function\Creator.Method.cs,7608,typeof(string),"			// argumentTypeArray = new Type[] { typeof(Int64), typeof(string), typeof(Int64), typeof(Int64), typeof(Int64), typeof(Int64) };","			// argumentTypeArray = new Type[] { typeof(Int64), EraType.String, typeof(Int64), typeof(Int64), typeof(Int64), typeof(Int64) };",
16b,Runtime\Script\Statements\Function\Creator.Method.cs,7714,typeof(long),			ReturnType = typeof(long);,			ReturnType = EraType.Integer;,
16b,Runtime\Script\Statements\Function\Creator.Method.cs,7715,typeof(long); typeof(string),"			argumentTypeArray = [typeof(string), typeof(long), typeof(long)];","			argumentTypeArray = [EraType.String, EraType.Integer, EraType.Integer];",
16b,Runtime\Script\Statements\Function\Creator.Method.cs,7764,typeof(long),			ReturnType = typeof(long);,			ReturnType = EraType.Integer;,
16b,Runtime\Script\Statements\Function\Creator.Method.cs,7765,typeof(long); typeof(string),"			argumentTypeArray = [typeof(string), typeof(long), typeof(long), typeof(long), typeof(long), typeof(long), typeof(long), typeof(long), typeof(long)];","			argumentTypeArray = [EraType.String, EraType.Integer, EraType.Integer, EraType.Integer, EraType.Integer, EraType.Integer, EraType.Integer, EraType.Integer, EraType.Integer];",
16b,Runtime\Script\Statements\Function\Creator.Method.cs,7816,typeof(long),			ReturnType = typeof(long);,			ReturnType = EraType.Integer;,
16b,Runtime\Script\Statements\Function\Creator.Method.cs,7836,typeof(long),			ReturnType = typeof(long);,			ReturnType = EraType.Integer;,
16b,Runtime\Script\Statements\Function\Creator.Method.cs,7837,typeof(long),"			argumentTypeArray = [typeof(long), typeof(long)];","			argumentTypeArray = [EraType.Integer, EraType.Integer];",
16b,Runtime\Script\Statements\Function\Creator.Method.cs,7859,typeof(long),			ReturnType = typeof(long);,			ReturnType = EraType.Integer;,
16b,Runtime\Script\Statements\Function\Creator.Method.cs,7878,typeof(long),			ReturnType = typeof(long);,			ReturnType = EraType.Integer;,
16b,Runtime\Script\Statements\Function\Creator.Method.cs,7897,typeof(long),			ReturnType = typeof(long);,			ReturnType = EraType.Integer;,
16b,Runtime\Script\Statements\Function\Creator.Method.cs,7898,typeof(long),"			argumentTypeArray = [typeof(long), typeof(long), typeof(long), typeof(long)];","			argumentTypeArray = [EraType.Integer, EraType.Integer, EraType.Integer, EraType.Integer];",
16b,Runtime\Script\Statements\Function\Creator.Method.cs,7928,typeof(long),			ReturnType = typeof(long);,			ReturnType = EraType.Integer;,
16b,Runtime\Script\Statements\Function\Creator.Method.cs,7929,typeof(long),			argumentTypeArray = [typeof(long)];,			argumentTypeArray = [EraType.Integer];,
16b,Runtime\Script\Statements\Function\Creator.Method.cs,7954,typeof(long),			ReturnType = typeof(long);,			ReturnType = EraType.Integer;,
16b,Runtime\Script\Statements\Function\Creator.Method.cs,7955,typeof(long); typeof(string),"			argumentTypeArray = [typeof(string), typeof(long), typeof(long), typeof(long)];","			argumentTypeArray = [EraType.String, EraType.Integer, EraType.Integer, EraType.Integer];",
16b,Runtime\Script\Statements\Function\Creator.Method.cs,7986,typeof(long),			ReturnType = typeof(long);,			ReturnType = EraType.Integer;,
16b,Runtime\Script\Statements\Function\Creator.Method.cs,7987,typeof(string),"			// argumentTypeArray = new Type[] { typeof(Int64), typeof(string), typeof(string), typeof(Int64), typeof(Int64), typeof(Int64), typeof(string) };","			// argumentTypeArray = new Type[] { typeof(Int64), EraType.String, EraType.String, typeof(Int64), typeof(Int64), typeof(Int64), EraType.String };",
16b,Runtime\Script\Statements\Function\Creator.Method.cs,8047,typeof(long),			ReturnType = typeof(long);,			ReturnType = EraType.Integer;,
16b,Runtime\Script\Statements\Function\Creator.Method.cs,8048,typeof(long),			argumentTypeArray = [typeof(long)];,			argumentTypeArray = [EraType.Integer];,
16b,Runtime\Script\Statements\Function\Creator.Method.cs,8074,typeof(long),			ReturnType = typeof(long);,			ReturnType = EraType.Integer;,
16b,Runtime\Script\Statements\Function\Creator.Method.cs,8093,typeof(string),			ReturnType = typeof(string);,			ReturnType = EraType.String;,
16b,Runtime\Script\Statements\Function\Creator.Method.cs,8125,typeof(long),			ReturnType = typeof(long);,			ReturnType = EraType.Integer;,
16b,Runtime\Script\Statements\Function\Creator.Method.cs,8139,typeof(long),			ReturnType = typeof(long);,			ReturnType = EraType.Integer;,
16b,Runtime\Script\Statements\Function\Creator.Method.cs,8156,typeof(long),			ReturnType = typeof(long);,			ReturnType = EraType.Integer;,
16b,Runtime\Script\Statements\Function\Creator.Method.cs,8157,typeof(string),"			// argumentTypeArray = new Type[] { typeof(string) ,typeof(Int64), typeof(Int64), typeof(Int64) };","			// argumentTypeArray = new Type[] { EraType.String ,typeof(Int64), typeof(Int64), typeof(Int64) };",
16b,Runtime\Script\Statements\Function\Creator.Method.cs,8265,typeof(string),			ReturnType = typeof(string);,			ReturnType = EraType.String;,
16b,Runtime\Script\Statements\Function\Creator.Method.cs,8363,typeof(long),			ReturnType = typeof(long);,			ReturnType = EraType.Integer;,
16b,Runtime\Script\Statements\Function\Creator.Method.cs,8364,typeof(long),"			argumentTypeArray = [typeof(long), typeof(long)];","			argumentTypeArray = [EraType.Integer, EraType.Integer];",
16b,Runtime\Script\Statements\Function\Creator.Method.cs,8400,typeof(long),			ReturnType = typeof(long);,			ReturnType = EraType.Integer;,
16b,Runtime\Script\Statements\Function\Creator.Method.cs,8401,typeof(long),"			argumentTypeArray = [typeof(long), typeof(long)];","			argumentTypeArray = [EraType.Integer, EraType.Integer];",
16b,Runtime\Script\Statements\Function\Creator.Method.cs,8455,typeof(long),			ReturnType = typeof(long);,			ReturnType = EraType.Integer;,
16b,Runtime\Script\Statements\Function\Creator.Method.cs,8456,typeof(string),			argumentTypeArray = [typeof(string)];,			argumentTypeArray = [EraType.String];,
16b,Runtime\Script\Statements\Function\Creator.Method.cs,8477,typeof(long),			ReturnType = typeof(long);,			ReturnType = EraType.Integer;,
16b,Runtime\Script\Statements\Function\Creator.Method.cs,8507,typeof(string),							if (func.MethodType == typeof(string)),							if (func.MethodType == EraType.String),
16b,Runtime\Script\Statements\Function\Creator.Method.cs,8509,typeof(long),							else if (func.MethodType == typeof(long)),							else if (func.MethodType == EraType.Integer),
16b,Runtime\Script\Statements\Function\Creator.Method.cs,8519,typeof(string),					if (func.MethodType == typeof(string)),					if (func.MethodType == EraType.String),
16b,Runtime\Script\Statements\Function\Creator.Method.cs,8521,typeof(long),					else if (func.MethodType == typeof(long)),					else if (func.MethodType == EraType.Integer),
16b,Runtime\Script\Statements\Function\Creator.Method.cs,8537,typeof(string),							if (func.MethodType == typeof(string)),							if (func.MethodType == EraType.String),
16b,Runtime\Script\Statements\Function\Creator.Method.cs,8539,typeof(long),							else if (func.MethodType == typeof(long)),							else if (func.MethodType == EraType.Integer),
16b,Runtime\Script\Statements\Function\Creator.Method.cs,8557,typeof(long),			ReturnType = typeof(long);,			ReturnType = EraType.Integer;,
16b,Runtime\Script\Statements\Function\Creator.Method.cs,8575,typeof(long),			ReturnType = typeof(long);,			ReturnType = EraType.Integer;,
16b,Runtime\Script\Statements\Function\Creator.Method.cs,8598,typeof(string),			ReturnType = typeof(string);,			ReturnType = EraType.String;,
16b,Runtime\Script\Statements\Function\Creator.Method.cs,8611,typeof(long),			ReturnType = typeof(long);,			ReturnType = EraType.Integer;,
16b,Runtime\Script\Statements\Function\Creator.Method.cs,8612,typeof(string),			argumentTypeArray = [typeof(string)];,			argumentTypeArray = [EraType.String];,
16b,Runtime\Script\Statements\Function\Creator.Method.cs,8627,typeof(string),			ReturnType = typeof(string);,			ReturnType = EraType.String;,
16b,Runtime\Script\Statements\Function\Creator.Method.cs,8661,typeof(string),			ReturnType = typeof(string);,			ReturnType = EraType.String;,
16b,Runtime\Script\Statements\Function\Creator.Method.cs,8685,typeof(string),			ReturnType = typeof(string);,			ReturnType = EraType.String;,
16b,Runtime\Script\Statements\Function\Creator.Method.cs,8703,typeof(long),			ReturnType = typeof(long);,			ReturnType = EraType.Integer;,
16b,Runtime\Script\Statements\Function\Creator.Method.cs,8726,typeof(long),			ReturnType = typeof(long);,			ReturnType = EraType.Integer;,
16b,Runtime\Script\Statements\Function\Creator.Method.cs,8779,typeof(string),			ReturnType = typeof(string);,			ReturnType = EraType.String;,
16b,Runtime\Script\Statements\Function\Creator.Method.cs,8810,typeof(string),			argumentTypeArray = new Type[] { typeof(string) };,			argumentTypeArray = new Type[] { EraType.String };,
16b,Runtime\Script\Statements\Function\Creator.Method.cs,8920,typeof(long),			ReturnType = typeof(long); ,			ReturnType = EraType.Integer; ,
16b,Runtime\Script\Statements\Function\Creator.Method.cs,8989,typeof(long),			ReturnType = typeof(long); ,			ReturnType = EraType.Integer; ,
16b,Runtime\Script\Statements\Function\Creator.Method.cs,9033,typeof(long),			ReturnType = typeof(long);,			ReturnType = EraType.Integer;,
16b,Runtime\Script\Statements\Function\Creator.Method.cs,9109,typeof(long),			ReturnType = typeof(long); ,			ReturnType = EraType.Integer; ,
16b,Runtime\Script\Statements\Function\Creator.Method.cs,9130,typeof(long),			ReturnType = typeof(long);,			ReturnType = EraType.Integer;,
16b,Runtime\Script\Statements\Function\Creator.Method.cs,9203,typeof(long),			ReturnType = typeof(long);,			ReturnType = EraType.Integer;,
16b,Runtime\Script\Statements\Function\Creator.Method.cs,9253,typeof(string),			ReturnType = typeof(string);,			ReturnType = EraType.String;,
16b,Runtime\Script\Statements\Function\Creator.Method.cs,9297,typeof(long),			ReturnType = typeof(long);,			ReturnType = EraType.Integer;,
16b,Runtime\Script\Statements\Function\Creator.Method.cs,9312,typeof(long); typeof(string),		public SqlDisconnectMethod() { ReturnType = typeof(long); argumentTypeArray = new[] { typeof(string) }; CanRestructure = false; },		public SqlDisconnectMethod() { ReturnType = EraType.Integer; argumentTypeArray = new[] { EraType.String }; CanRestructure = false; },
16b,Runtime\Script\Statements\Function\Creator.Method.cs,9322,typeof(long); typeof(string),"		public SqlExecuteNonQueryMethod() { ReturnType = typeof(long); argumentTypeArray = new[] { typeof(string), typeof(string) }; CanRestructure = false; }","		public SqlExecuteNonQueryMethod() { ReturnType = EraType.Integer; argumentTypeArray = new[] { EraType.String, EraType.String }; CanRestructure = false; }",
16b,Runtime\Script\Statements\Function\Creator.Method.cs,9331,typeof(long); typeof(string),"		public SqlExecuteReaderMethod() { ReturnType = typeof(long); argumentTypeArray = new[] { typeof(string), typeof(string) }; CanRestructure = false; }","		public SqlExecuteReaderMethod() { ReturnType = EraType.Integer; argumentTypeArray = new[] { EraType.String, EraType.String }; CanRestructure = false; }",
16b,Runtime\Script\Statements\Function\Creator.Method.cs,9340,typeof(long),		public SqlReaderReadMethod() { ReturnType = typeof(long); argumentTypeArray = new[] { typeof(long) }; CanRestructure = false; },		public SqlReaderReadMethod() { ReturnType = EraType.Integer; argumentTypeArray = new[] { EraType.Integer }; CanRestructure = false; },
16b,Runtime\Script\Statements\Function\Creator.Method.cs,9349,typeof(long),"		public SqlReaderGetLongMethod() { ReturnType = typeof(long); argumentTypeArray = new[] { typeof(long), typeof(long) }; CanRestructure = false; }","		public SqlReaderGetLongMethod() { ReturnType = EraType.Integer; argumentTypeArray = new[] { EraType.Integer, EraType.Integer }; CanRestructure = false; }",
16b,Runtime\Script\Statements\Function\Creator.Method.cs,9358,typeof(long); typeof(string),"		public SqlReaderGetStringMethod() { ReturnType = typeof(string); argumentTypeArray = new[] { typeof(long), typeof(long) }; CanRestructure = false; }","		public SqlReaderGetStringMethod() { ReturnType = EraType.String; argumentTypeArray = new[] { EraType.Integer, EraType.Integer }; CanRestructure = false; }",
16b,Runtime\Script\Statements\Function\Creator.Method.cs,9367,typeof(long),"		public SqlReaderIsNullMethod() { ReturnType = typeof(long); argumentTypeArray = new[] { typeof(long), typeof(long) }; CanRestructure = false; }","		public SqlReaderIsNullMethod() { ReturnType = EraType.Integer; argumentTypeArray = new[] { EraType.Integer, EraType.Integer }; CanRestructure = false; }",
16b,Runtime\Script\Statements\Function\Creator.Method.cs,9376,typeof(long),		public SqlReaderCloseMethod() { ReturnType = typeof(long); argumentTypeArray = new[] { typeof(long) }; CanRestructure = false; },		public SqlReaderCloseMethod() { ReturnType = EraType.Integer; argumentTypeArray = new[] { EraType.Integer }; CanRestructure = false; },
16b,Runtime\Script\Statements\Function\Creator.Method.cs,9385,typeof(long); typeof(string),"		public SqlExecuteScalarLongMethod() { ReturnType = typeof(long); argumentTypeArray = new[] { typeof(string), typeof(string) }; CanRestructure = false; }","		public SqlExecuteScalarLongMethod() { ReturnType = EraType.Integer; argumentTypeArray = new[] { EraType.String, EraType.String }; CanRestructure = false; }",
16b,Runtime\Script\Statements\Function\Creator.Method.cs,9394,typeof(string),"		public SqlExecuteScalarStringMethod() { ReturnType = typeof(string); argumentTypeArray = new[] { typeof(string), typeof(string) }; CanRestructure = false; }","		public SqlExecuteScalarStringMethod() { ReturnType = EraType.String; argumentTypeArray = new[] { EraType.String, EraType.String }; CanRestructure = false; }",
16b,Runtime\Script\Statements\Function\Creator.Method.cs,9402,typeof(long); typeof(string),"		public SqlImportMapXmlMethod() { ReturnType = typeof(long); argumentTypeArray = new[] { typeof(string), typeof(string), typeof(string) }; CanRestructure = false; }","		public SqlImportMapXmlMethod() { ReturnType = EraType.Integer; argumentTypeArray = new[] { EraType.String, EraType.String, EraType.String }; CanRestructure = false; }",
16b,Runtime\Script\Statements\Function\Creator.Method.cs,9411,typeof(long); typeof(string),"		public SqlImportDtXmlMethod() { ReturnType = typeof(long); argumentTypeArray = new[] { typeof(string), typeof(string), typeof(string), typeof(string) }; CanRestructure = false; }","		public SqlImportDtXmlMethod() { ReturnType = EraType.Integer; argumentTypeArray = new[] { EraType.String, EraType.String, EraType.String, EraType.String }; CanRestructure = false; }",
16b,Runtime\Script\Statements\Function\Creator.Method.cs,9420,typeof(long); typeof(string),"		public SqlExportMapXmlMethod() { ReturnType = typeof(long); argumentTypeArray = new[] { typeof(string), typeof(string), typeof(string) }; CanRestructure = false; }","		public SqlExportMapXmlMethod() { ReturnType = EraType.Integer; argumentTypeArray = new[] { EraType.String, EraType.String, EraType.String }; CanRestructure = false; }",
16b,Runtime\Script\Statements\Function\Creator.Method.cs,9429,typeof(long); typeof(string),"		public SqlExportDtXmlMethod() { ReturnType = typeof(long); argumentTypeArray = new[] { typeof(string), typeof(string), typeof(string), typeof(string) }; CanRestructure = false; }","		public SqlExportDtXmlMethod() { ReturnType = EraType.Integer; argumentTypeArray = new[] { EraType.String, EraType.String, EraType.String, EraType.String }; CanRestructure = false; }",
16b,Runtime\Script\Statements\Function\Creator.Method.cs,9438,typeof(long); typeof(string),"		public SqlImportXmlCustomMethod() { ReturnType = typeof(long); argumentTypeArray = new[] { typeof(string), typeof(string), typeof(string), typeof(string), typeof(string) }; CanRestructure = false; }","		public SqlImportXmlCustomMethod() { ReturnType = EraType.Integer; argumentTypeArray = new[] { EraType.String, EraType.String, EraType.String, EraType.String, EraType.String }; CanRestructure = false; }",
16b,Runtime\Script\Statements\Function\Creator.Method.cs,9449,typeof(long),			ReturnType = typeof(long);,			ReturnType = EraType.Integer;,
16b,Runtime\Script\Statements\Function\Creator.Method.cs,9478,typeof(long),			ReturnType = typeof(long);,			ReturnType = EraType.Integer;,
16b,Runtime\Script\Statements\Function\Creator.Method.cs,9499,typeof(long),			ReturnType = typeof(long);,			ReturnType = EraType.Integer;,
16b,Runtime\Script\Statements\Function\Creator.Method.cs,9523,typeof(long),			ReturnType = typeof(long);,			ReturnType = EraType.Integer;,
16b,Runtime\Script\Statements\Function\Creator.Method.cs,9546,typeof(long),			ReturnType = typeof(long);,			ReturnType = EraType.Integer;,
16b,Runtime\Script\Statements\Function\Creator.Method.cs,9547,typeof(long),			argumentTypeArray = new Type[] { typeof(long) };,			argumentTypeArray = new Type[] { EraType.Integer };,
16b,Runtime\Script\Statements\Function\Creator.Method.cs,9566,typeof(long),			ReturnType = typeof(long);,			ReturnType = EraType.Integer;,
16b,Runtime\Script\Statements\Function\Creator.Method.cs,9580,typeof(long),			ReturnType = typeof(long);,			ReturnType = EraType.Integer;,
16b,Runtime\Script\Statements\Function\Creator.Method.cs,9581,typeof(long),			argumentTypeArray = new Type[] { typeof(long) };,			argumentTypeArray = new Type[] { EraType.Integer };,
16c,Runtime\Script\Statements\ArgumentBuilder.cs,42,typeof(void),	/// 引数の型と数。typeof(void)で任意の型（あるいは個別にチェックするべき引数）。nullでその引数は省略可能,	/// 引数の型と数。EraType.Voidで任意の型（あるいは個別にチェックするべき引数）。nullでその引数は省略可能,
16c,Runtime\Script\Statements\ArgumentBuilder.cs,90,typeof(void),			if ((allowType != typeof(void)) && (allowType != arguments[i].GetOperandType())),			if ((allowType != EraType.Void) && (allowType != arguments[i].GetOperandType())),
16c,Runtime\Script\Statements\ArgumentBuilder.cs,168,typeof(long),				types[i] = typeof(long);,				types[i] = EraType.Integer;,
16c,Runtime\Script\Statements\ArgumentBuilder.cs,170,typeof(string),				types[i] = typeof(string);,				types[i] = EraType.String;,
16c,Runtime\Script\Statements\ArgumentBuilder.cs,257,typeof(string),"			argumentTypeArray = null;// new Type[] { typeof(string), typeof(string), typeof(Int64), typeof(Int64), typeof(Int64) };","			argumentTypeArray = null;// new Type[] { EraType.String, EraType.String, typeof(Int64), typeof(Int64), typeof(Int64) };",
16c,Runtime\Script\Statements\ArgumentBuilder.cs,318,typeof(long),"			argumentTypeArray = [typeof(long), typeof(long), typeof(long), typeof(long)];","			argumentTypeArray = [EraType.Integer, EraType.Integer, EraType.Integer, EraType.Integer];",
16c,Runtime\Script\Statements\ArgumentBuilder.cs,361,typeof(string),"			argumentTypeArray = null;// new Type[] { typeof(string), typeof(string), typeof(Int64), typeof(Int64), typeof(Int64) };","			argumentTypeArray = null;// new Type[] { EraType.String, EraType.String, typeof(Int64), typeof(Int64), typeof(Int64) };",
16c,Runtime\Script\Statements\ArgumentBuilder.cs,443,typeof(string),"			argumentTypeArray = null;// new Type[] { typeof(string), typeof(string), typeof(Int64), typeof(Int64), typeof(Int64) };","			argumentTypeArray = null;// new Type[] { EraType.String, EraType.String, typeof(Int64), typeof(Int64), typeof(Int64) };",
16c,Runtime\Script\Statements\ArgumentBuilder.cs,1345,typeof(string),			argumentTypeArray = [typeof(string)];,			argumentTypeArray = [EraType.String];,
16c,Runtime\Script\Statements\ArgumentBuilder.cs,1428,typeof(long),			argumentTypeArray = [typeof(long)];,			argumentTypeArray = [EraType.Integer];,
16c,Runtime\Script\Statements\ArgumentBuilder.cs,1498,typeof(long),			argumentTypeArray = [typeof(long)];,			argumentTypeArray = [EraType.Integer];,
16c,Runtime\Script\Statements\ArgumentBuilder.cs,1551,typeof(string),			argumentTypeArray = [typeof(string)];,			argumentTypeArray = [EraType.String];,
16c,Runtime\Script\Statements\ArgumentBuilder.cs,1578,typeof(void),			argumentTypeArray = [typeof(void)];,			argumentTypeArray = [EraType.Void];,
16c,Runtime\Script\Statements\ArgumentBuilder.cs,1605,typeof(long),"			argumentTypeArray = [typeof(long), typeof(long), typeof(long)];","			argumentTypeArray = [EraType.Integer, EraType.Integer, EraType.Integer];",
16c,Runtime\Script\Statements\ArgumentBuilder.cs,1622,typeof(long),"			argumentTypeArray = [typeof(long), typeof(long)];","			argumentTypeArray = [EraType.Integer, EraType.Integer];",
16c,Runtime\Script\Statements\ArgumentBuilder.cs,1642,typeof(long); typeof(string),"			argumentTypeArray = [typeof(long), typeof(string)];","			argumentTypeArray = [EraType.Integer, EraType.String];",
16c,Runtime\Script\Statements\ArgumentBuilder.cs,1659,typeof(long); typeof(string),"			argumentTypeArray = [typeof(long), typeof(long), typeof(long), typeof(string), typeof(long), typeof(long)];","			argumentTypeArray = [EraType.Integer, EraType.Integer, EraType.Integer, EraType.String, EraType.Integer, EraType.Integer];",
16c,Runtime\Script\Statements\ArgumentBuilder.cs,1685,typeof(long); typeof(string),"			argumentTypeArray = [typeof(long), typeof(string), typeof(long), typeof(string), typeof(long), typeof(long)];","			argumentTypeArray = [EraType.Integer, EraType.String, EraType.Integer, EraType.String, EraType.Integer, EraType.Integer];",
16c,Runtime\Script\Statements\ArgumentBuilder.cs,1709,typeof(string),"	//		argumentTypeArray = new Type[] { typeof(Int64), typeof(Int64), typeof(Int64), typeof(string) };","	//		argumentTypeArray = new Type[] { typeof(Int64), typeof(Int64), typeof(Int64), EraType.String };",
16c,Runtime\Script\Statements\ArgumentBuilder.cs,1731,typeof(string),"	//		argumentTypeArray = new Type[] { typeof(Int64), typeof(string), typeof(Int64), typeof(string) };","	//		argumentTypeArray = new Type[] { typeof(Int64), EraType.String, typeof(Int64), EraType.String };",
16c,Runtime\Script\Statements\ArgumentBuilder.cs,1753,typeof(long),"			argumentTypeArray = [typeof(long), null, typeof(long), typeof(long)];","			argumentTypeArray = [EraType.Integer, null, EraType.Integer, EraType.Integer];",
16c,Runtime\Script\Statements\ArgumentBuilder.cs,1786,typeof(long),"			argumentTypeArray = [typeof(long), typeof(long), typeof(long)];","			argumentTypeArray = [EraType.Integer, EraType.Integer, EraType.Integer];",
16c,Runtime\Script\Statements\ArgumentBuilder.cs,1806,typeof(void),"			argumentTypeArray = [typeof(void), typeof(void)];","			argumentTypeArray = [EraType.Void, EraType.Void];",
16c,Runtime\Script\Statements\ArgumentBuilder.cs,1833,typeof(long),			argumentTypeArray = [typeof(long)];,			argumentTypeArray = [EraType.Integer];,
16c,Runtime\Script\Statements\ArgumentBuilder.cs,1854,typeof(string),			argumentTypeArray = [typeof(string)];,			argumentTypeArray = [EraType.String];,
16c,Runtime\Script\Statements\ArgumentBuilder.cs,1879,typeof(long),"			argumentTypeArray = [typeof(long), typeof(long)];","			argumentTypeArray = [EraType.Integer, EraType.Integer];",
16c,Runtime\Script\Statements\ArgumentBuilder.cs,1915,typeof(long); typeof(void),"			argumentTypeArray = [typeof(void), typeof(void), typeof(long), typeof(long)];","			argumentTypeArray = [EraType.Void, EraType.Void, EraType.Integer, EraType.Integer];",
16c,Runtime\Script\Statements\ArgumentBuilder.cs,1972,typeof(long); typeof(void),"			argumentTypeArray = [typeof(void), typeof(void), typeof(void), typeof(long), typeof(long)];","			argumentTypeArray = [EraType.Void, EraType.Void, EraType.Void, EraType.Integer, EraType.Integer];",
16c,Runtime\Script\Statements\ArgumentBuilder.cs,2029,typeof(string); typeof(void),"			argumentTypeArray = [typeof(string), typeof(void)];","			argumentTypeArray = [EraType.String, EraType.Void];",
16c,Runtime\Script\Statements\ArgumentBuilder.cs,2044,typeof(long),"			argumentTypeArray = [typeof(long), typeof(long), typeof(long)];","			argumentTypeArray = [EraType.Integer, EraType.Integer, EraType.Integer];",
16c,Runtime\Script\Statements\ArgumentBuilder.cs,2082,typeof(long); typeof(string),"			argumentTypeArray = [typeof(string), typeof(string), typeof(string), typeof(long)];","			argumentTypeArray = [EraType.String, EraType.String, EraType.String, EraType.Integer];",
16c,Runtime\Script\Statements\ArgumentBuilder.cs,2104,typeof(long); typeof(string),"			argumentTypeArray = [typeof(string), typeof(string), typeof(long)];","			argumentTypeArray = [EraType.String, EraType.String, EraType.Integer];",
16c,Runtime\Script\Statements\ArgumentBuilder.cs,2138,typeof(long),			argumentTypeArray = [typeof(long)];,			argumentTypeArray = [EraType.Integer];,
16c,Runtime\Script\Statements\ArgumentBuilder.cs,2162,typeof(long); typeof(void),"			argumentTypeArray = [typeof(void), typeof(long), typeof(long)];","			argumentTypeArray = [EraType.Void, EraType.Integer, EraType.Integer];",
16c,Runtime\Script\Statements\ArgumentBuilder.cs,2180,typeof(long); typeof(void),"			argumentTypeArray = [typeof(void), typeof(long), typeof(void), typeof(long), typeof(long)];","			argumentTypeArray = [EraType.Void, EraType.Integer, EraType.Void, EraType.Integer, EraType.Integer];",
16c,Runtime\Script\Statements\ArgumentBuilder.cs,2210,typeof(string); typeof(void),"			argumentTypeArray = [typeof(string), typeof(string), typeof(void)];","			argumentTypeArray = [EraType.String, EraType.String, EraType.Void];",
16c,Runtime\Script\Statements\ArgumentBuilder.cs,2261,typeof(long); typeof(string),"			argumentTypeArray = [typeof(string), typeof(string), typeof(long)];","			argumentTypeArray = [EraType.String, EraType.String, EraType.Integer];",
16c,Runtime\Script\Statements\ArgumentBuilder.cs,2302,typeof(void),"			argumentTypeArray = [typeof(void), typeof(void)];","			argumentTypeArray = [EraType.Void, EraType.Void];",
16c,Runtime\Script\Statements\ArgumentBuilder.cs,2378,typeof(long),"			argumentTypeArray = [typeof(long), typeof(long), typeof(long), typeof(long)];","			argumentTypeArray = [EraType.Integer, EraType.Integer, EraType.Integer, EraType.Integer];",
16c,Runtime\Script\Statements\ArgumentBuilder.cs,2459,typeof(string),"			argumentTypeArray = [typeof(string), typeof(string)];","			argumentTypeArray = [EraType.String, EraType.String];",
16c,Runtime\Script\Statements\ArgumentBuilder.cs,2552,typeof(string); typeof(double),"			argumentTypeArray = [typeof(string), typeof(double)];","			argumentTypeArray = [EraType.String, EraType.Float];",
